{"min_samples_leaf": 10, "max_depth": 9, "min_samples_split": 4, "validation_accuracy": 0.9473684210526315, "_timestamp": 1706147752.7350345, "_runtime": 2.0943334102630615, "_step": 2, "_wandb": {"runtime": 0}, "value": 0.9473684210526315, "trial_number": 2}