{"plot": {"_type": "plotly-file", "sha256": "f40fe87610bd38b6e3a3c68f71c61a8ba0661d6ae431ac5c1247a17cb3ecfd0e", "size": 7791, "path": "media/plotly/plot_0_f40fe87610bd38b6e3a3.plotly.json"}, "_timestamp": 1706152716.1130228, "_runtime": 2.164524793624878, "_step": 13, "_wandb": {"runtime": 0}, "min_samples_leaf": 2, "max_depth": 10, "min_samples_split": 5, "value": 0.9210526315789473, "trial_number": 13}