{"min_samples_leaf": 2, "max_depth": 9, "min_samples_split": 7, "validation_accuracy": 0.9473684210526315, "_timestamp": 1706148420.7677822, "_runtime": 2.071434259414673, "_step": 85, "_wandb": {"runtime": 0}, "value": 0.9473684210526315, "trial_number": 85}