{"validation_accuracy": 0.9473684210526315, "_timestamp": 1706079537.11321, "_runtime": 3.475295066833496, "_step": 0, "_wandb": {"runtime": 0}}