{"validation_accuracy": 1.0, "_timestamp": 1706079475.2879038, "_runtime": 2.0366077423095703, "_step": 0, "_wandb": {"runtime": 0}}