{"min_samples_leaf": 6, "max_depth": 13, "min_samples_split": 6, "validation_accuracy": 0.9210526315789473, "_timestamp": 1706147736.6592853, "_runtime": 1.74324631690979, "_step": 0, "_wandb": {"runtime": 0}}