{"plot": {"_type": "plotly-file", "sha256": "1efc9b51f1f142128de655bb9045c331dfdce555b3a5088ad4d27de8a76b4341", "size": 7791, "path": "media/plotly/plot_0_1efc9b51f1f142128de6.plotly.json"}, "_timestamp": 1706152643.5403714, "_runtime": 1.986600399017334, "_step": 4, "_wandb": {"runtime": 0}, "min_samples_leaf": 2, "max_depth": 12, "min_samples_split": 6, "value": 0.9473684210526315, "trial_number": 4}