{"plot": {"_type": "plotly-file", "sha256": "6157dcf4e841aff8ccab9b1c1753964987b8fffc854bdb746c53d652343c608d", "size": 7790, "path": "media/plotly/plot_0_6157dcf4e841aff8ccab.plotly.json"}, "_timestamp": 1706152692.2337127, "_runtime": 2.1554207801818848, "_step": 10, "_wandb": {"runtime": 0}, "min_samples_leaf": 2, "max_depth": 7, "min_samples_split": 9, "value": 0.9473684210526315, "trial_number": 10}