{"validation_accuracy": 1.0, "_timestamp": 1706079482.1351886, "_runtime": 1.983379602432251, "_step": 0, "_wandb": {"runtime": 0}}