{"min_samples_leaf": 10, "max_depth": 5, "min_samples_split": 8, "validation_accuracy": 0.9210526315789473, "_timestamp": 1706147744.7027283, "_runtime": 2.016653299331665, "_step": 1, "_wandb": {"runtime": 0}, "value": 0.9210526315789473, "trial_number": 1}