{"min_samples_leaf": 2, "max_depth": 11, "min_samples_split": 5, "validation_accuracy": 0.9736842105263158, "_timestamp": 1706148286.3308368, "_runtime": 2.145141839981079, "_step": 68, "_wandb": {"runtime": 0}, "value": 0.9736842105263158, "trial_number": 68}