{"plot": {"_type": "plotly-file", "sha256": "acb94911a7434a55f66b401dca1650e98d76ee3149fca6be7d3caa0a540e4034", "size": 7791, "path": "media/plotly/plot_0_acb94911a7434a55f66b.plotly.json"}, "_timestamp": 1706152619.5562618, "_runtime": 1.992410659790039, "_step": 1, "_wandb": {"runtime": 0}, "min_samples_leaf": 4, "max_depth": 15, "min_samples_split": 5, "value": 0.9473684210526315, "trial_number": 1}