{"plot": {"_type": "plotly-file", "sha256": "b654ac1c619a061ba2073f1ce4c2f6a521dcd1985f8007a0c3257989b9a21907", "size": 7791, "path": "media/plotly/plot_0_b654ac1c619a061ba207.plotly.json"}, "_timestamp": 1706152732.1352897, "_runtime": 2.1723625659942627, "_step": 15, "_wandb": {"runtime": 0}, "min_samples_leaf": 5, "max_depth": 14, "min_samples_split": 4, "value": 0.9473684210526315, "trial_number": 15}