{"data": [{"dimensions": [{"label": "min_samples_leaf", "range": [2, 10], "values": [4, 10, 3, 9, 3, 3, 6, 5, 2, 5, 7, 4, 2, 4, 7, 4, 3, 6, 5, 2, 8, 7, 7, 8, 4, 3, 4, 4, 5, 6, 4, 4, 5, 10, 4, 3, 3, 5, 4, 6, 2, 4, 3, 5, 4, 4, 5, 3, 3, 2, 4, 4, 5, 4, 5, 6, 4, 4, 3, 5, 2, 4, 4, 3, 4, 4, 3, 6, 5, 9, 4, 2, 3, 2, 3, 5, 4, 3, 4, 5, 3, 4, 4, 4, 4, 5, 5, 3, 4, 4, 7, 4, 3, 4, 5, 4, 4, 3, 4, 5]}, {"label": "max_depth", "range": [5, 20], "values": [16, 6, 11, 16, 10, 15, 8, 20, 14, 9, 19, 16, 14, 17, 13, 18, 15, 12, 18, 12, 15, 13, 13, 16, 14, 17, 15, 14, 20, 5, 7, 14, 11, 17, 11, 15, 14, 16, 12, 10, 18, 7, 5, 7, 15, 16, 10, 14, 13, 9, 17, 11, 9, 6, 15, 14, 8, 16, 12, 13, 11, 12, 14, 13, 15, 10, 12, 14, 17, 19, 13, 18, 19, 18, 16, 15, 19, 12, 17, 16, 11, 15, 14, 15, 15, 14, 20, 16, 6, 13, 7, 16, 18, 15, 17, 16, 14, 8, 14, 9]}, {"label": "min_samples_split", "range": [2, 10], "values": [9, 5, 3, 3, 4, 7, 9, 8, 9, 3, 10, 7, 6, 7, 10, 8, 6, 8, 5, 9, 7, 10, 10, 9, 10, 8, 9, 9, 10, 2, 9, 9, 8, 10, 9, 5, 8, 9, 10, 9, 7, 9, 8, 10, 4, 9, 10, 9, 8, 9, 7, 9, 9, 10, 8, 10, 9, 8, 10, 6, 9, 10, 10, 9, 10, 9, 10, 9, 8, 10, 7, 7, 9, 5, 8, 10, 2, 4, 8, 9, 6, 4, 3, 5, 6, 4, 3, 9, 9, 10, 8, 9, 9, 10, 8, 9, 10, 9, 9, 10]}, {"label": "accuracy", "range": [0.868421052631579, 1.0], "values": [1.0, 0.9473684210526315, 0.868421052631579, 0.9473684210526315, 0.9473684210526315, 0.9736842105263158, 0.9473684210526315, 0.8947368421052632, 0.8947368421052632, 0.868421052631579, 0.8947368421052632, 0.9473684210526315, 0.9210526315789473, 0.9473684210526315, 0.9736842105263158, 0.9736842105263158, 0.9736842105263158, 0.9473684210526315, 0.9473684210526315, 0.9473684210526315, 0.9210526315789473, 0.9736842105263158, 0.9736842105263158, 0.9210526315789473, 1.0, 0.9210526315789473, 1.0, 1.0, 0.9473684210526315, 0.9473684210526315, 1.0, 0.9736842105263158, 0.9210526315789473, 0.9473684210526315, 1.0, 0.9473684210526315, 0.9473684210526315, 0.9736842105263158, 1.0, 0.9210526315789473, 1.0, 0.8947368421052632, 0.9736842105263158, 0.868421052631579, 1.0, 1.0, 0.8947368421052632, 1.0, 0.9473684210526315, 1.0, 0.9473684210526315, 0.9210526315789473, 0.9210526315789473, 0.9473684210526315, 0.9473684210526315, 0.9473684210526315, 0.9210526315789473, 0.9736842105263158, 1.0, 0.9210526315789473, 0.9210526315789473, 0.8947368421052632, 1.0, 0.9736842105263158, 0.9736842105263158, 0.9473684210526315, 0.8947368421052632, 0.8947368421052632, 0.9473684210526315, 0.9210526315789473, 0.9736842105263158, 0.9473684210526315, 0.9473684210526315, 0.9736842105263158, 0.9736842105263158, 0.9736842105263158, 0.9473684210526315, 1.0, 0.9736842105263158, 0.9736842105263158, 0.9473684210526315, 0.9473684210526315, 0.9473684210526315, 0.9736842105263158, 0.9210526315789473, 0.9736842105263158, 0.9210526315789473, 1.0, 0.9210526315789473, 0.9736842105263158, 0.9210526315789473, 1.0, 0.8947368421052632, 0.9210526315789473, 0.9473684210526315, 1.0, 0.9473684210526315, 0.9473684210526315, 0.9736842105263158, 0.9210526315789473]}], "line": {"color": [1.0, 0.9473684210526315, 0.868421052631579, 0.9473684210526315, 0.9473684210526315, 0.9736842105263158, 0.9473684210526315, 0.8947368421052632, 0.8947368421052632, 0.868421052631579, 0.8947368421052632, 0.9473684210526315, 0.9210526315789473, 0.9473684210526315, 0.9736842105263158, 0.9736842105263158, 0.9736842105263158, 0.9473684210526315, 0.9473684210526315, 0.9473684210526315, 0.9210526315789473, 0.9736842105263158, 0.9736842105263158, 0.9210526315789473, 1.0, 0.9210526315789473, 1.0, 1.0, 0.9473684210526315, 0.9473684210526315, 1.0, 0.9736842105263158, 0.9210526315789473, 0.9473684210526315, 1.0, 0.9473684210526315, 0.9473684210526315, 0.9736842105263158, 1.0, 0.9210526315789473, 1.0, 0.8947368421052632, 0.9736842105263158, 0.868421052631579, 1.0, 1.0, 0.8947368421052632, 1.0, 0.9473684210526315, 1.0, 0.9473684210526315, 0.9210526315789473, 0.9210526315789473, 0.9473684210526315, 0.9473684210526315, 0.9473684210526315, 0.9210526315789473, 0.9736842105263158, 1.0, 0.9210526315789473, 0.9210526315789473, 0.8947368421052632, 1.0, 0.9736842105263158, 0.9736842105263158, 0.9473684210526315, 0.8947368421052632, 0.8947368421052632, 0.9473684210526315, 0.9210526315789473, 0.9736842105263158, 0.9473684210526315, 0.9473684210526315, 0.9736842105263158, 0.9736842105263158, 0.9736842105263158, 0.9473684210526315, 1.0, 0.9736842105263158, 0.9736842105263158, 0.9473684210526315, 0.9473684210526315, 0.9473684210526315, 0.9736842105263158, 0.9210526315789473, 0.9736842105263158, 0.9210526315789473, 1.0, 0.9210526315789473, 0.9736842105263158, 0.9210526315789473, 1.0, 0.8947368421052632, 0.9210526315789473, 0.9473684210526315, 1.0, 0.9473684210526315, 0.9473684210526315, 0.9736842105263158, 0.9210526315789473], "colorscale": [[0.0, "rgb(0,0,0)"], [0.2, "rgb(30,0,100)"], [0.4, "rgb(120,0,100)"], [0.6, "rgb(160,90,0)"], [0.8, "rgb(230,200,0)"], [1.0, "rgb(255,250,220)"]], "showscale": true}, "type": "parcoords"}], "layout": {"template": {"data": {"histogram2dcontour": [{"type": "histogram2dcontour", "colorbar": {"outlinewidth": 0, "ticks": ""}, "colorscale": [[0.0, "#0d0887"], [0.1111111111111111, "#46039f"], [0.2222222222222222, "#7201a8"], [0.3333333333333333, "#9c179e"], [0.4444444444444444, "#bd3786"], [0.5555555555555556, "#d8576b"], [0.6666666666666666, "#ed7953"], [0.7777777777777778, "#fb9f3a"], [0.8888888888888888, "#fdca26"], [1.0, "#f0f921"]]}], "choropleth": [{"type": "choropleth", "colorbar": {"outlinewidth": 0, "ticks": ""}}], "histogram2d": [{"type": "histogram2d", "colorbar": {"outlinewidth": 0, "ticks": ""}, "colorscale": [[0.0, "#0d0887"], [0.1111111111111111, "#46039f"], [0.2222222222222222, "#7201a8"], [0.3333333333333333, "#9c179e"], [0.4444444444444444, "#bd3786"], [0.5555555555555556, "#d8576b"], [0.6666666666666666, "#ed7953"], [0.7777777777777778, "#fb9f3a"], [0.8888888888888888, "#fdca26"], [1.0, "#f0f921"]]}], "heatmap": [{"type": "heatmap", "colorbar": {"outlinewidth": 0, "ticks": ""}, "colorscale": [[0.0, "#0d0887"], [0.1111111111111111, "#46039f"], [0.2222222222222222, "#7201a8"], [0.3333333333333333, "#9c179e"], [0.4444444444444444, "#bd3786"], [0.5555555555555556, "#d8576b"], [0.6666666666666666, "#ed7953"], [0.7777777777777778, "#fb9f3a"], [0.8888888888888888, "#fdca26"], [1.0, "#f0f921"]]}], "heatmapgl": [{"type": "heatmapgl", "colorbar": {"outlinewidth": 0, "ticks": ""}, "colorscale": [[0.0, "#0d0887"], [0.1111111111111111, "#46039f"], [0.2222222222222222, "#7201a8"], [0.3333333333333333, "#9c179e"], [0.4444444444444444, "#bd3786"], [0.5555555555555556, "#d8576b"], [0.6666666666666666, "#ed7953"], [0.7777777777777778, "#fb9f3a"], [0.8888888888888888, "#fdca26"], [1.0, "#f0f921"]]}], "contourcarpet": [{"type": "contourcarpet", "colorbar": {"outlinewidth": 0, "ticks": ""}}], "contour": [{"type": "contour", "colorbar": {"outlinewidth": 0, "ticks": ""}, "colorscale": [[0.0, "#0d0887"], [0.1111111111111111, "#46039f"], [0.2222222222222222, "#7201a8"], [0.3333333333333333, "#9c179e"], [0.4444444444444444, "#bd3786"], [0.5555555555555556, "#d8576b"], [0.6666666666666666, "#ed7953"], [0.7777777777777778, "#fb9f3a"], [0.8888888888888888, "#fdca26"], [1.0, "#f0f921"]]}], "surface": [{"type": "surface", "colorbar": {"outlinewidth": 0, "ticks": ""}, "colorscale": [[0.0, "#0d0887"], [0.1111111111111111, "#46039f"], [0.2222222222222222, "#7201a8"], [0.3333333333333333, "#9c179e"], [0.4444444444444444, "#bd3786"], [0.5555555555555556, "#d8576b"], [0.6666666666666666, "#ed7953"], [0.7777777777777778, "#fb9f3a"], [0.8888888888888888, "#fdca26"], [1.0, "#f0f921"]]}], "mesh3d": [{"type": "mesh3d", "colorbar": {"outlinewidth": 0, "ticks": ""}}], "scatter": [{"fillpattern": {"fillmode": "overlay", "size": 10, "solidity": 0.2}, "type": "scatter"}], "parcoords": [{"type": "parcoords", "line": {"colorbar": {"outlinewidth": 0, "ticks": ""}}}], "scatterpolargl": [{"type": "scatterpolargl", "marker": {"colorbar": {"outlinewidth": 0, "ticks": ""}}}],