{"validation_accuracy": 0.9210526315789473, "_timestamp": 1706079514.775105, "_runtime": 2.138823986053467, "_step": 0, "_wandb": {"runtime": 0}}