{"min_samples_leaf": 8, "max_depth": 7, "min_samples_split": 10, "validation_accuracy": 0.9210526315789473, "_timestamp": 1706148294.4144897, "_runtime": 2.2563817501068115, "_step": 69, "_wandb": {"runtime": 0}, "value": 0.9210526315789473, "trial_number": 69}