{"validation_accuracy": 0.9210526315789473, "_timestamp": 1706079544.2820122, "_runtime": 2.1484153270721436, "_step": 0, "_wandb": {"runtime": 0}}