{"validation_accuracy": 0.8947368421052632, "_timestamp": 1706079426.616315, "_runtime": 2.002957820892334, "_step": 0, "_wandb": {"runtime": 0}}