{"min_samples_leaf": 2, "max_depth": 16, "min_samples_split": 2, "validation_accuracy": 0.9473684210526315, "_timestamp": 1706147898.717285, "_runtime": 2.079927921295166, "_step": 20, "_wandb": {"runtime": 0}, "value": 0.9473684210526315, "trial_number": 20}