{"min_samples_leaf": 3, "max_depth": 16, "min_samples_split": 7, "validation_accuracy": 0.9473684210526315, "_timestamp": 1706148097.4326093, "_runtime": 2.2792394161224365, "_step": 45, "_wandb": {"runtime": 0}, "value": 0.9473684210526315, "trial_number": 45}