{"min_samples_leaf": 9, "max_depth": 19, "min_samples_split": 9, "validation_accuracy": 0.9210526315789473, "_timestamp": 1706148183.4417043, "_runtime": 2.112800359725952, "_step": 55, "_wandb": {"runtime": 0}, "value": 0.9210526315789473, "trial_number": 55}