{"validation_accuracy": 0.9210526315789473, "_timestamp": 1706079454.7052586, "_runtime": 2.0779495239257812, "_step": 0, "_wandb": {"runtime": 0}}