{"plot": {"_type": "plotly-file", "sha256": "ba160ec709b46cb228fccae4cbeab6ea67f3b5d72f755016800ad2c099be9046", "size": 7791, "path": "media/plotly/plot_0_ba160ec709b46cb228fc.plotly.json"}, "_timestamp": 1706152627.7358828, "_runtime": 2.243283748626709, "_step": 2, "_wandb": {"runtime": 0}, "min_samples_leaf": 10, "max_depth": 8, "min_samples_split": 4, "value": 0.9473684210526315, "trial_number": 2}