{"min_samples_leaf": 8, "max_depth": 20, "min_samples_split": 6, "validation_accuracy": 0.9210526315789473, "_timestamp": 1706147930.8426867, "_runtime": 2.0337367057800293, "_step": 24, "_wandb": {"runtime": 0}, "value": 0.9210526315789473, "trial_number": 24}