{"min_samples_leaf": 2, "max_depth": 12, "min_samples_split": 8, "validation_accuracy": 0.9736842105263158, "_timestamp": 1706148481.0361078, "_runtime": 2.089362859725952, "_step": 92, "_wandb": {"runtime": 0}, "value": 0.9736842105263158, "trial_number": 92}