{"min_samples_leaf": 5, "max_depth": 11, "min_samples_split": 9, "validation_accuracy": 0.9210526315789473, "_timestamp": 1706147947.649618, "_runtime": 2.1061959266662598, "_step": 26, "_wandb": {"runtime": 0}, "value": 0.9210526315789473, "trial_number": 26}