{"min_samples_leaf": 3, "max_depth": 17, "min_samples_split": 8, "validation_accuracy": 0.9473684210526315, "_timestamp": 1706148390.0316074, "_runtime": 2.0913543701171875, "_step": 81, "_wandb": {"runtime": 0}, "value": 0.9473684210526315, "trial_number": 81}