{"min_samples_leaf": 8, "max_depth": 17, "min_samples_split": 5, "validation_accuracy": 0.9736842105263158, "_timestamp": 1706147955.5998914, "_runtime": 1.979959487915039, "_step": 27, "_wandb": {"runtime": 0}, "value": 0.9736842105263158, "trial_number": 27}