{"min_samples_leaf": 2, "max_depth": 18, "min_samples_split": 7, "validation_accuracy": 0.868421052631579, "_timestamp": 1706148404.1038997, "_runtime": 2.0876176357269287, "_step": 83, "_wandb": {"runtime": 0}, "value": 0.868421052631579, "trial_number": 83}