{"min_samples_leaf": 4, "max_depth": 13, "min_samples_split": 3, "validation_accuracy": 0.9473684210526315, "_timestamp": 1706147970.725995, "_runtime": 2.079514980316162, "_step": 29, "_wandb": {"runtime": 0}, "value": 0.9473684210526315, "trial_number": 29}