{"plot": {"_type": "plotly-file", "sha256": "b6c06db82c2ce9996d566f8e78537e6ae69d85dedfd61865f22df488f200745f", "size": 7790, "path": "media/plotly/plot_0_b6c06db82c2ce9996d56.plotly.json"}, "_timestamp": 1706152684.8821235, "_runtime": 2.071505546569824, "_step": 9, "_wandb": {"runtime": 0}, "min_samples_leaf": 2, "max_depth": 9, "min_samples_split": 6, "value": 0.9736842105263158, "trial_number": 9}