{"validation_accuracy": 0.9210526315789473, "_timestamp": 1706079433.7150793, "_runtime": 1.9807133674621582, "_step": 0, "_wandb": {"runtime": 0}}