{"min_samples_leaf": 3, "max_depth": 11, "min_samples_split": 9, "validation_accuracy": 0.9473684210526315, "_timestamp": 1706147834.1107607, "_runtime": 2.099318742752075, "_step": 12, "_wandb": {"runtime": 0}, "value": 0.9473684210526315, "trial_number": 12}