{"validation_accuracy": 0.9736842105263158, "_timestamp": 1706079567.7634282, "_runtime": 3.262423276901245, "_step": 0, "_wandb": {"runtime": 0}}