{"validation_accuracy": 0.9210526315789473, "_timestamp": 1706079447.4597461, "_runtime": 1.9147710800170898, "_step": 0, "_wandb": {"runtime": 0}}