{"min_samples_leaf": 5, "max_depth": 20, "min_samples_split": 8, "validation_accuracy": 0.9210526315789473, "_timestamp": 1706148437.0110343, "_runtime": 2.038557291030884, "_step": 87, "_wandb": {"runtime": 0}, "value": 0.9210526315789473, "trial_number": 87}