{"min_samples_leaf": 2, "max_depth": 12, "min_samples_split": 8, "validation_accuracy": 0.9473684210526315, "_timestamp": 1706148009.9963653, "_runtime": 2.1194493770599365, "_step": 34, "_wandb": {"runtime": 0}, "value": 0.9473684210526315, "trial_number": 34}