{"validation_accuracy": 0.9736842105263158, "_timestamp": 1706079528.7449415, "_runtime": 2.006706476211548, "_step": 0, "_wandb": {"runtime": 0}}