{"validation_accuracy": 0.9210526315789473, "_timestamp": 1706079506.774569, "_runtime": 5.8509790897369385, "_step": 0, "_wandb": {"runtime": 0}}