{"min_samples_leaf": 3, "max_depth": 9, "min_samples_split": 9, "validation_accuracy": 0.9210526315789473, "_timestamp": 1706148270.1795092, "_runtime": 1.9813191890716553, "_step": 66, "_wandb": {"runtime": 0}, "value": 0.9210526315789473, "trial_number": 66}