{"validation_accuracy": 0.9210526315789473, "_timestamp": 1706079468.3492322, "_runtime": 1.9959561824798584, "_step": 0, "_wandb": {"runtime": 0}}