{"min_samples_leaf": 9, "max_depth": 18, "min_samples_split": 5, "validation_accuracy": 0.9473684210526315, "_timestamp": 1706147923.092021, "_runtime": 2.134182929992676, "_step": 23, "_wandb": {"runtime": 0}, "value": 0.9473684210526315, "trial_number": 23}