{"plot": {"_type": "plotly-file", "sha256": "20149136727415e6964632f6d5a23c0b3c291cfe544e31a99617aea799336366", "size": 7791, "path": "media/plotly/plot_0_20149136727415e69646.plotly.json"}, "_timestamp": 1706152700.1553252, "_runtime": 2.0740110874176025, "_step": 11, "_wandb": {"runtime": 0}, "min_samples_leaf": 3, "max_depth": 5, "min_samples_split": 10, "value": 0.9210526315789473, "trial_number": 11}