{"validation_accuracy": 0.9736842105263158, "_timestamp": 1706079551.9799466, "_runtime": 2.2698745727539062, "_step": 0, "_wandb": {"runtime": 0}}