{"validation_accuracy": 0.9473684210526315, "_timestamp": 1706079521.6955247, "_runtime": 1.9934167861938477, "_step": 0, "_wandb": {"runtime": 0}}