{"plot": {"_type": "plotly-file", "sha256": "a9a571320dfe7ce4575678e8f7b462114fbe35525bb1fc1f3a34aa994e841281", "size": 7791, "path": "media/plotly/plot_0_a9a571320dfe7ce45756.plotly.json"}, "_timestamp": 1706152669.5057154, "_runtime": 2.0418503284454346, "_step": 7, "_wandb": {"runtime": 0}, "min_samples_leaf": 5, "max_depth": 13, "min_samples_split": 2, "value": 0.8947368421052632, "trial_number": 7}