{"plot": {"_type": "plotly-file", "sha256": "e4cb6a68991d8166248e046968e4362aea46d64db6a2dab0d2da7caf7677f359", "size": 7791, "path": "media/plotly/plot_0_e4cb6a68991d8166248e.plotly.json"}, "_timestamp": 1706152661.552322, "_runtime": 2.029186964035034, "_step": 6, "_wandb": {"runtime": 0}, "min_samples_leaf": 6, "max_depth": 20, "min_samples_split": 7, "value": 0.9473684210526315, "trial_number": 6}