{"min_samples_leaf": 3, "max_depth": 13, "min_samples_split": 9, "validation_accuracy": 0.9473684210526315, "_timestamp": 1706148350.2688098, "_runtime": 2.0914077758789062, "_step": 76, "_wandb": {"runtime": 0}, "value": 0.9473684210526315, "trial_number": 76}