{"validation_accuracy": 0.9473684210526315, "_timestamp": 1706079496.0546548, "_runtime": 1.982386827468872, "_step": 0, "_wandb": {"runtime": 0}}