{"validation_accuracy": 0.9736842105263158, "_timestamp": 1706079489.078947, "_runtime": 1.9914870262145996, "_step": 0, "_wandb": {"runtime": 0}}