{"validation_accuracy": 0.9736842105263158, "_timestamp": 1706079440.708032, "_runtime": 2.0715579986572266, "_step": 0, "_wandb": {"runtime": 0}}