{"min_samples_leaf": 7, "max_depth": 20, "min_samples_split": 6, "validation_accuracy": 0.9736842105263158, "_timestamp": 1706147906.7445922, "_runtime": 2.0957581996917725, "_step": 21, "_wandb": {"runtime": 0}, "value": 0.9736842105263158, "trial_number": 21}