{"min_samples_leaf": 3, "max_depth": 10, "min_samples_split": 9, "accuracy": 0.9736842105263158, "_timestamp": 1706077515.3634188, "_runtime": 15.084881782531738, "_step": 99, "_wandb": {"runtime": 14}}