{"min_samples_leaf": 3, "max_depth": 6, "min_samples_split": 9, "validation_accuracy": 0.9210526315789473, "_timestamp": 1706147866.5028899, "_runtime": 2.023890972137451, "_step": 16, "_wandb": {"runtime": 0}, "value": 0.9210526315789473, "trial_number": 16}