{"plot": {"_type": "plotly-file", "sha256": "b95f519c2febb355f893ab8ded7340beb08d59eb134c9685b370184cc285223c", "size": 7776, "path": "media/plotly/plot_0_b95f519c2febb355f893.plotly.json"}, "_timestamp": 1706152708.3184545, "_runtime": 2.3443665504455566, "_step": 12, "_wandb": {"runtime": 0}, "min_samples_leaf": 3, "max_depth": 10, "min_samples_split": 6, "value": 1.0, "trial_number": 12}