{"min_samples_leaf": 3, "max_depth": 8, "min_samples_split": 5, "validation_accuracy": 0.9210526315789473, "_timestamp": 1706148034.121521, "_runtime": 2.1461451053619385, "_step": 37, "_wandb": {"runtime": 0}, "value": 0.9210526315789473, "trial_number": 37}