{"min_samples_leaf": 6, "max_depth": 10, "min_samples_split": 10, "validation_accuracy": 0.8947368421052632, "_timestamp": 1706148239.4609432, "_runtime": 2.1111671924591064, "_step": 62, "_wandb": {"runtime": 0}, "value": 0.8947368421052632, "trial_number": 62}