{"data": [{"dimensions": [{"label": "min_samples_leaf", "range": [2, 10], "values": [10, 2, 10, 5, 4, 10, 2, 6, 3, 7, 8, 7, 8, 5, 2, 8, 6, 4, 7, 3, 9, 7, 7, 6, 5, 7, 9, 4, 6, 9, 8, 5, 3, 5, 7, 5, 2, 4, 6, 8, 7, 10, 9, 9, 10, 8, 2, 3, 6, 9, 4, 8, 8, 7, 9, 7, 8, 8, 7, 9, 6, 7, 8, 7, 8, 7, 6, 7, 8, 5, 6, 6, 6, 7, 10, 6, 3, 9, 4, 5, 2, 4, 6, 5, 5, 3, 4, 7, 7, 5, 3, 7, 7, 8, 4, 6, 8, 7, 6, 8]}, {"label": "max_depth", "range": [5, 20], "values": [17, 18, 10, 18, 6, 9, 15, 7, 11, 18, 14, 20, 20, 16, 13, 18, 19, 16, 13, 17, 15, 20, 20, 18, 19, 17, 19, 15, 12, 16, 18, 17, 16, 19, 20, 18, 16, 9, 5, 17, 14, 16, 14, 18, 19, 15, 11, 17, 20, 16, 18, 17, 19, 18, 17, 16, 19, 15, 20, 7, 17, 14, 15, 13, 14, 12, 16, 18, 16, 19, 14, 20, 20, 17, 19, 18, 20, 19, 17, 18, 15, 18, 17, 19, 16, 18, 20, 13, 17, 18, 15, 14, 12, 13, 16, 14, 10, 19, 17, 15]}, {"label": "min_samples_split", "range": [2, 10], "values": [9, 7, 8, 10, 8, 5, 6, 9, 2, 7, 4, 7, 6, 4, 7, 7, 5, 8, 2, 10, 5, 7, 6, 7, 9, 8, 6, 7, 4, 9, 8, 3, 6, 4, 3, 5, 7, 8, 9, 5, 6, 10, 9, 7, 8, 8, 9, 6, 3, 7, 4, 5, 5, 4, 6, 4, 5, 10, 6, 8, 7, 6, 5, 6, 7, 5, 6, 7, 3, 7, 6, 2, 3, 3, 4, 2, 3, 4, 8, 9, 5, 4, 4, 3, 5, 7, 4, 10, 7, 3, 6, 6, 6, 5, 8, 6, 7, 5, 4, 8]}, {"label": "accuracy", "range": [0.868421052631579, 1.0], "values": [0.9473684210526315, 1.0, 0.9736842105263158, 0.9736842105263158, 0.9736842105263158, 0.9473684210526315, 0.9473684210526315, 0.9736842105263158, 0.9736842105263158, 1.0, 0.9473684210526315, 1.0, 0.9210526315789473, 1.0, 0.9736842105263158, 0.9473684210526315, 0.868421052631579, 0.9736842105263158, 0.9736842105263158, 0.9210526315789473, 0.8947368421052632, 0.9473684210526315, 0.9736842105263158, 0.9210526315789473, 0.9473684210526315, 0.9736842105263158, 0.9736842105263158, 0.9736842105263158, 0.9473684210526315, 1.0, 0.9473684210526315, 0.9210526315789473, 0.9473684210526315, 0.9473684210526315, 0.9473684210526315, 0.8947368421052632, 0.9473684210526315, 0.8947368421052632, 0.8947368421052632, 1.0, 1.0, 0.9736842105263158, 0.9736842105263158, 0.8947368421052632, 0.9473684210526315, 0.9473684210526315, 0.9210526315789473, 0.9736842105263158, 1.0, 0.9736842105263158, 1.0, 0.9473684210526315, 0.8947368421052632, 0.9473684210526315, 0.9473684210526315, 0.9473684210526315, 0.9736842105263158, 0.9210526315789473, 0.9210526315789473, 0.9210526315789473, 0.9736842105263158, 1.0, 0.8947368421052632, 0.8947368421052632, 0.9473684210526315, 0.9210526315789473, 0.868421052631579, 0.9210526315789473, 0.9736842105263158, 0.8947368421052632, 0.9210526315789473, 0.8947368421052632, 0.9210526315789473, 0.9210526315789473, 0.9473684210526315, 0.9736842105263158, 0.9736842105263158, 0.9473684210526315, 0.9210526315789473, 0.9473684210526315, 0.9736842105263158, 1.0, 0.9210526315789473, 0.868421052631579, 0.8947368421052632, 1.0, 1.0, 0.9210526315789473, 0.9473684210526315, 0.8947368421052632, 0.9736842105263158, 0.9736842105263158, 0.9473684210526315, 0.9473684210526315, 0.8947368421052632, 0.9473684210526315, 0.9473684210526315, 0.9473684210526315, 0.9473684210526315, 0.9210526315789473]}], "line": {"color": [0.9473684210526315, 1.0, 0.9736842105263158, 0.9736842105263158, 0.9736842105263158, 0.9473684210526315, 0.9473684210526315, 0.9736842105263158, 0.9736842105263158, 1.0, 0.9473684210526315, 1.0, 0.9210526315789473, 1.0, 0.9736842105263158, 0.9473684210526315, 0.868421052631579, 0.9736842105263158, 0.9736842105263158, 0.9210526315789473, 0.8947368421052632, 0.9473684210526315, 0.9736842105263158, 0.9210526315789473, 0.9473684210526315, 0.9736842105263158, 0.9736842105263158, 0.9736842105263158, 0.9473684210526315, 1.0, 0.9473684210526315, 0.9210526315789473, 0.9473684210526315, 0.9473684210526315, 0.9473684210526315, 0.8947368421052632, 0.9473684210526315, 0.8947368421052632, 0.8947368421052632, 1.0, 1.0, 0.9736842105263158, 0.9736842105263158, 0.8947368421052632, 0.9473684210526315, 0.9473684210526315, 0.9210526315789473, 0.9736842105263158, 1.0, 0.9736842105263158, 1.0, 0.9473684210526315, 0.8947368421052632, 0.9473684210526315, 0.9473684210526315, 0.9473684210526315, 0.9736842105263158, 0.9210526315789473, 0.9210526315789473, 0.9210526315789473, 0.9736842105263158, 1.0, 0.8947368421052632, 0.8947368421052632, 0.9473684210526315, 0.9210526315789473, 0.868421052631579, 0.9210526315789473, 0.9736842105263158, 0.8947368421052632, 0.9210526315789473, 0.8947368421052632, 0.9210526315789473, 0.9210526315789473, 0.9473684210526315, 0.9736842105263158, 0.9736842105263158, 0.9473684210526315, 0.9210526315789473, 0.9473684210526315, 0.9736842105263158, 1.0, 0.9210526315789473, 0.868421052631579, 0.8947368421052632, 1.0, 1.0, 0.9210526315789473, 0.9473684210526315, 0.8947368421052632, 0.9736842105263158, 0.9736842105263158, 0.9473684210526315, 0.9473684210526315, 0.8947368421052632, 0.9473684210526315, 0.9473684210526315, 0.9473684210526315, 0.9473684210526315, 0.9210526315789473]}, "type": "parcoords"}], "layout": {"template": {"data": {"histogram2dcontour": [{"type": "histogram2dcontour", "colorbar": {"outlinewidth": 0, "ticks": ""}, "colorscale": [[0.0, "#0d0887"], [0.1111111111111111, "#46039f"], [0.2222222222222222, "#7201a8"], [0.3333333333333333, "#9c179e"], [0.4444444444444444, "#bd3786"], [0.5555555555555556, "#d8576b"], [0.6666666666666666, "#ed7953"], [0.7777777777777778, "#fb9f3a"], [0.8888888888888888, "#fdca26"], [1.0, "#f0f921"]]}], "choropleth": [{"type": "choropleth", "colorbar": {"outlinewidth": 0, "ticks": ""}}], "histogram2d": [{"type": "histogram2d", "colorbar": {"outlinewidth": 0, "ticks": ""}, "colorscale": [[0.0, "#0d0887"], [0.1111111111111111, "#46039f"], [0.2222222222222222, "#7201a8"], [0.3333333333333333, "#9c179e"], [0.4444444444444444, "#bd3786"], [0.5555555555555556, "#d8576b"], [0.6666666666666666, "#ed7953"], [0.7777777777777778, "#fb9f3a"], [0.8888888888888888, "#fdca26"], [1.0, "#f0f921"]]}], "heatmap": [{"type": "heatmap", "colorbar": {"outlinewidth": 0, "ticks": ""}, "colorscale": [[0.0, "#0d0887"], [0.1111111111111111, "#46039f"], [0.2222222222222222, "#7201a8"], [0.3333333333333333, "#9c179e"], [0.4444444444444444, "#bd3786"], [0.5555555555555556, "#d8576b"], [0.6666666666666666, "#ed7953"], [0.7777777777777778, "#fb9f3a"], [0.8888888888888888, "#fdca26"], [1.0, "#f0f921"]]}], "heatmapgl": [{"type": "heatmapgl", "colorbar": {"outlinewidth": 0, "ticks": ""}, "colorscale": [[0.0, "#0d0887"], [0.1111111111111111, "#46039f"], [0.2222222222222222, "#7201a8"], [0.3333333333333333, "#9c179e"], [0.4444444444444444, "#bd3786"], [0.5555555555555556, "#d8576b"], [0.6666666666666666, "#ed7953"], [0.7777777777777778, "#fb9f3a"], [0.8888888888888888, "#fdca26"], [1.0, "#f0f921"]]}], "contourcarpet": [{"type": "contourcarpet", "colorbar": {"outlinewidth": 0, "ticks": ""}}], "contour": [{"type": "contour", "colorbar": {"outlinewidth": 0, "ticks": ""}, "colorscale": [[0.0, "#0d0887"], [0.1111111111111111, "#46039f"], [0.2222222222222222, "#7201a8"], [0.3333333333333333, "#9c179e"], [0.4444444444444444, "#bd3786"], [0.5555555555555556, "#d8576b"], [0.6666666666666666, "#ed7953"], [0.7777777777777778, "#fb9f3a"], [0.8888888888888888, "#fdca26"], [1.0, "#f0f921"]]}], "surface": [{"type": "surface", "colorbar": {"outlinewidth": 0, "ticks": ""}, "colorscale": [[0.0, "#0d0887"], [0.1111111111111111, "#46039f"], [0.2222222222222222, "#7201a8"], [0.3333333333333333, "#9c179e"], [0.4444444444444444, "#bd3786"], [0.5555555555555556, "#d8576b"], [0.6666666666666666, "#ed7953"], [0.7777777777777778, "#fb9f3a"], [0.8888888888888888, "#fdca26"], [1.0, "#f0f921"]]}], "mesh3d": [{"type": "mesh3d", "colorbar": {"outlinewidth": 0, "ticks": ""}}], "scatter": [{"fillpattern": {"fillmode": "overlay", "size": 10, "solidity": 0.2}, "type": "scatter"}], "parcoords": [{"type": "parcoords", "line": {"colorbar": {"outlinewidth": 0, "ticks": ""}}}], "scatterpolargl": [{"type": "scatterpolargl", "marker": {"colorbar": {"outlinewidth": 0, "ticks": ""}}}], "bar": [{"error_x": {"color": "#2a3f5f"},