{"plot": {"_type": "plotly-file", "sha256": "4ab9f353dc9f93c218cafa4bfb25fc43f45b6093f7af08b1dba7cc1efd0029ca", "size": 7790, "path": "media/plotly/plot_0_4ab9f353dc9f93c218ca.plotly.json"}, "_timestamp": 1706152676.8914359, "_runtime": 2.0662219524383545, "_step": 8, "_wandb": {"runtime": 0}, "min_samples_leaf": 4, "max_depth": 9, "min_samples_split": 3, "value": 0.9210526315789473, "trial_number": 8}