{"plot": {"_type": "plotly-file", "sha256": "c994940e715cd5cf82feb652a3951c619cf0d0696f8a8dd1276190d0ed158f13", "size": 7791, "path": "media/plotly/plot_0_c994940e715cd5cf82fe.plotly.json"}, "_timestamp": 1706152653.5019264, "_runtime": 2.013441324234009, "_step": 5, "_wandb": {"runtime": 0}, "min_samples_leaf": 8, "max_depth": 17, "min_samples_split": 8, "value": 0.9473684210526315, "trial_number": 5}