{"validation_accuracy": 0.9736842105263158, "_timestamp": 1706079461.548325, "_runtime": 2.073827028274536, "_step": 0, "_wandb": {"runtime": 0}}