{"validation_accuracy": 0.8947368421052632, "_timestamp": 1706079574.6855872, "_runtime": 1.9849700927734375, "_step": 0, "_wandb": {"runtime": 0}}