{"min_samples_leaf": 4, "max_depth": 16, "min_samples_split": 2, "validation_accuracy": 0.9473684210526315, "_timestamp": 1706147810.062399, "_runtime": 1.9361557960510254, "_step": 9, "_wandb": {"runtime": 0}, "value": 0.9473684210526315, "trial_number": 9}