{"min_samples_leaf": 3, "max_depth": 15, "min_samples_split": 7, "validation_accuracy": 0.9736842105263158, "_timestamp": 1706148125.734867, "_runtime": 2.0299530029296875, "_step": 48, "_wandb": {"runtime": 0}, "value": 0.9736842105263158, "trial_number": 48}