{"plot": {"_type": "plotly-file", "sha256": "ae6ba8fee0b2bffa45a9d830f47d0d8b9f6c0432b4a9cde619d811f56c5208bf", "size": 7790, "path": "media/plotly/plot_0_ae6ba8fee0b2bffa45a9.plotly.json"}, "_timestamp": 1706152724.0776074, "_runtime": 2.1052534580230713, "_step": 14, "_wandb": {"runtime": 0}, "min_samples_leaf": 3, "max_depth": 6, "min_samples_split": 6, "value": 0.9736842105263158, "trial_number": 14}