{"min_samples_leaf": 2, "max_depth": 16, "min_samples_split": 9, "validation_accuracy": 0.9736842105263158, "_timestamp": 1706148457.9657462, "_runtime": 2.0023772716522217, "_step": 89, "_wandb": {"runtime": 0}, "value": 0.9736842105263158, "trial_number": 89}