{"data": [{"dimensions": [{"label": "min_samples_leaf", "values": [4, 10, 5, 3, 9, 7, 10, 3, 3, 5, 7, 2, 4, 2, 4, 6, 4, 3, 6, 5, 2, 4, 4, 3, 5, 6, 3, 7, 4, 2, 9, 8, 6, 5, 6, 3, 4, 5, 3, 8, 8, 6, 7, 6, 5, 4, 5, 3, 7, 2, 10, 5, 5, 6, 4, 5, 4, 6, 5, 3, 4, 6, 7, 7, 6, 5, 6, 6, 5, 4, 3, 3, 2, 4, 3, 3, 4, 7, 6, 2, 3, 5, 5, 6, 4, 5, 5, 4, 4, 6, 7, 6, 6, 6, 6, 7, 5, 6, 3, 5]}, {"label": "max_depth", "values": [12, 11, 6, 7, 10, 19, 14, 5, 10, 7, 15, 10, 16, 12, 9, 18, 13, 8, 17, 12, 20, 9, 9, 11, 14, 8, 11, 13, 9, 10, 11, 18, 15, 7, 12, 10, 20, 6, 14, 8, 18, 17, 17, 19, 15, 16, 18, 19, 13, 5, 11, 7, 7, 6, 10, 8, 9, 12, 9, 10, 7, 12, 13, 11, 14, 12, 16, 17, 9, 11, 20, 15, 14, 13, 8, 10, 16, 18, 14, 6, 12, 15, 17, 19, 14, 13, 15, 5, 11, 17, 16, 14, 13, 15, 14, 12, 18, 7, 13, 10]}, {"label": "min_samples_split", "values": [5, 7, 8, 2, 10, 10, 9, 2, 8, 5, 5, 6, 4, 7, 4, 8, 6, 3, 8, 7, 5, 4, 4, 3, 6, 3, 9, 5, 4, 7, 7, 8, 9, 8, 9, 10, 8, 6, 5, 6, 2, 8, 9, 8, 7, 10, 9, 5, 7, 8, 4, 8, 8, 7, 9, 8, 4, 6, 3, 5, 7, 9, 10, 9, 8, 9, 8, 10, 4, 9, 8, 5, 5, 5, 6, 7, 3, 4, 4, 5, 6, 7, 8, 7, 7, 8, 8, 6, 9, 6, 7, 8, 8, 8, 7, 9, 8, 9, 8, 8]}], "domain": {"x": [0.0, 1.0], "y": [0.0, 1.0]}, "line": {"color": [1.0, 0.9473684210526315, 0.9473684210526315, 0.9736842105263158, 0.9473684210526315, 0.9473684210526315, 0.9210526315789473, 0.9473684210526315, 1.0, 0.9736842105263158, 0.9736842105263158, 0.9210526315789473, 0.9736842105263158, 0.9736842105263158, 1.0, 1.0, 0.9736842105263158, 0.9736842105263158, 1.0, 0.9210526315789473, 0.9473684210526315, 0.9736842105263158, 0.9473684210526315, 0.9473684210526315, 0.9473684210526315, 0.9736842105263158, 0.9736842105263158, 0.9736842105263158, 0.8947368421052632, 0.9210526315789473, 0.9473684210526315, 0.9210526315789473, 0.9473684210526315, 1.0, 1.0, 0.9473684210526315, 0.9210526315789473, 0.9473684210526315, 1.0, 0.9736842105263158, 0.9736842105263158, 0.9736842105263158, 0.9473684210526315, 0.9210526315789473, 1.0, 0.8947368421052632, 0.9736842105263158, 0.9736842105263158, 0.9210526315789473, 0.9736842105263158, 0.9473684210526315, 0.9736842105263158, 0.9210526315789473, 0.9210526315789473, 0.9210526315789473, 0.8947368421052632, 0.9473684210526315, 0.9210526315789473, 0.9736842105263158, 0.868421052631579, 0.9473684210526315, 0.8947368421052632, 0.9210526315789473, 0.9210526315789473, 1.0, 0.9736842105263158, 0.9736842105263158, 0.9210526315789473, 0.9473684210526315, 0.9473684210526315, 1.0, 0.9210526315789473, 0.9736842105263158, 0.8947368421052632, 0.9473684210526315, 0.9473684210526315, 0.9473684210526315, 0.9473684210526315, 0.9473684210526315, 0.9736842105263158, 0.8947368421052632, 0.9473684210526315, 0.9210526315789473, 0.9736842105263158, 0.9473684210526315, 0.9473684210526315, 0.9210526315789473, 1.0, 0.868421052631579, 0.868421052631579, 0.9736842105263158, 0.868421052631579, 0.9736842105263158, 0.9210526315789473, 0.9210526315789473, 0.9473684210526315, 0.9210526315789473, 1.0, 0.9736842105263158, 1.0], "coloraxis": "coloraxis"}, "name": "", "type": "parcoords"}], "layout": {"template": {"data": {"histogram2dcontour": [{"type": "histogram2dcontour", "colorbar": {"outlinewidth": 0, "ticks": ""}, "colorscale": [[0.0, "#0d0887"], [0.1111111111111111, "#46039f"], [0.2222222222222222, "#7201a8"], [0.3333333333333333, "#9c179e"], [0.4444444444444444, "#bd3786"], [0.5555555555555556, "#d8576b"], [0.6666666666666666, "#ed7953"], [0.7777777777777778, "#fb9f3a"], [0.8888888888888888, "#fdca26"], [1.0, "#f0f921"]]}], "choropleth": [{"type": "choropleth", "colorbar": {"outlinewidth": 0, "ticks": ""}}], "histogram2d": [{"type": "histogram2d", "colorbar": {"outlinewidth": 0, "ticks": ""}, "colorscale": [[0.0, "#0d0887"], [0.1111111111111111, "#46039f"], [0.2222222222222222, "#7201a8"], [0.3333333333333333, "#9c179e"], [0.4444444444444444, "#bd3786"], [0.5555555555555556, "#d8576b"], [0.6666666666666666, "#ed7953"], [0.7777777777777778, "#fb9f3a"], [0.8888888888888888, "#fdca26"], [1.0, "#f0f921"]]}], "heatmap": [{"type": "heatmap", "colorbar": {"outlinewidth": 0, "ticks": ""}, "colorscale": [[0.0, "#0d0887"], [0.1111111111111111, "#46039f"], [0.2222222222222222, "#7201a8"], [0.3333333333333333, "#9c179e"], [0.4444444444444444, "#bd3786"], [0.5555555555555556, "#d8576b"], [0.6666666666666666, "#ed7953"], [0.7777777777777778, "#fb9f3a"], [0.8888888888888888, "#fdca26"], [1.0, "#f0f921"]]}], "heatmapgl": [{"type": "heatmapgl", "colorbar": {"outlinewidth": 0, "ticks": ""}, "colorscale": [[0.0, "#0d0887"], [0.1111111111111111, "#46039f"], [0.2222222222222222, "#7201a8"], [0.3333333333333333, "#9c179e"], [0.4444444444444444, "#bd3786"], [0.5555555555555556, "#d8576b"], [0.6666666666666666, "#ed7953"], [0.7777777777777778, "#fb9f3a"], [0.8888888888888888, "#fdca26"], [1.0, "#f0f921"]]}], "contourcarpet": [{"type": "contourcarpet", "colorbar": {"outlinewidth": 0, "ticks": ""}}], "contour": [{"type": "contour", "colorbar": {"outlinewidth": 0, "ticks": ""}, "colorscale": [[0.0, "#0d0887"], [0.1111111111111111, "#46039f"], [0.2222222222222222, "#7201a8"], [0.3333333333333333, "#9c179e"], [0.4444444444444444, "#bd3786"], [0.5555555555555556, "#d8576b"], [0.6666666666666666, "#ed7953"], [0.7777777777777778, "#fb9f3a"], [0.8888888888888888, "#fdca26"], [1.0, "#f0f921"]]}], "surface": [{"type": "surface", "colorbar": {"outlinewidth": 0, "ticks": ""}, "colorscale": [[0.0, "#0d0887"], [0.1111111111111111, "#46039f"], [0.2222222222222222, "#7201a8"], [0.3333333333333333, "#9c179e"], [0.4444444444444444, "#bd3786"], [0.5555555555555556, "#d8576b"], [0.6666666666666666, "#ed7953"], [0.7777777777777778, "#fb9f3a"], [0.8888888888888888, "#fdca26"], [1.0, "#f0f921"]]}], "mesh3d": [{"type": "mesh3d", "colorbar": {"outlinewidth": 0, "ticks": ""}}], "scatter": [{"fillpattern": {"fillmode": "overlay", "size": 10, "solidity": 0.2}, "type": "scatter"}], "parcoords": [{"type": "parcoords", "line": {"colorbar": {"outlinewidth": 0, "ticks": ""}}}], "scatterpolargl": [{"type": "scatterpolargl", "marker": {"colorbar": {"outlinewidth": 0, "ticks": ""}}}], "bar": [{"error_x": {"color": "#2a3f5f"}, "error_y": {"color": "#2a3f5f"}, "marker": {"line": {"color": "#E5ECF6", "width": 0.5}, "pattern": {"fillmode": "overlay", "size": 10, "solidity": 0.2}}, "type": "bar"}], "scattergeo": [{"type": "scattergeo", "marker": {"colorbar": {"outlinewidth": 0, "ticks": ""}}}], "scatterpolar": [{"type": "scatterpolar", "marker": {"colorbar": {"outlinewidth": 0, "ticks": ""}}}], "histogram": [{"marker": {"pattern": {"fillmode": "overlay", "size": 10, "solidity": 0.2}}, "type": "histogram"}], "scattergl": [{"type": "scattergl", "marker": {"colorbar": {"outlinewidth": 0, "ticks": ""}}}], "scatter3d": [{"type": "scatter3d", "line": {"colorbar": {"outlinewidth": 0, "ticks": ""}}, "marker": {"colorbar": {"outlinewidth": 0, "ticks": ""}}}], "scattermapbox": [{"type": "scattermapbox", "marker": {"colorbar": {"outlinewidth": 0, "ticks": ""}}}], "scatterternary": [{"type": "scatterternary", "marker": {"colorbar": {"outlinewidth": 0, "ticks": ""}}}], "scattercarpet": [{"type": "scattercarpet", "marker": {"colorbar": {"outlinewidth": 0, "ticks": ""}}}], "carpet": [{"aaxis": {"endlinecolor": "#2a3f5f", "gridcolor": "white", "linecolor": "white", "minorgridcolor": "white", "startlinecolor": "#2a3f5f"}, "baxis": {"endlinecolor": "#2a3f5f", "gridcolor": "white", "linecolor": "white", "minorgridcolor": "white", "startlinecolor": "#2a3f5f"}, "type": "carpet"}], "table": [{"cells": {"fill": {"color": "#EBF0F8"}, "line": {"color": "white"}}, "header": {"fill": {"color": "#C8D4E3"}, "line": {"color": "white"}}, "type": "table"}], "barpolar": [{"marker": {"line": {"color": "#E5ECF6", "width": 0.5}, "pattern": {"fillmode": "overlay", "size": 10, "solidity": 0.2}}, "type": "barpolar"}], "pie": [{"automargin": true, "type": "pie"}]}, "layout": {"autotypenumbers": "strict", "colorway": ["#636efa", "#EF553B", "#00cc96", "#ab63fa", "#FFA15A", "#19d3f3", "#FF6692", "#B6E880", "#FF97FF", "#FECB52"],