{"min_samples_leaf": 4, "max_depth": 11, "min_samples_split": 9, "validation_accuracy": 0.9210526315789473, "_timestamp": 1706148247.408702, "_runtime": 2.0777080059051514, "_step": 63, "_wandb": {"runtime": 0}, "value": 0.9210526315789473, "trial_number": 63}