{"min_samples_leaf": 7, "max_depth": 19, "min_samples_split": 8, "validation_accuracy": 0.9210526315789473, "_timestamp": 1706148150.1866944, "_runtime": 2.0824403762817383, "_step": 51, "_wandb": {"runtime": 0}, "value": 0.9210526315789473, "trial_number": 51}