{"min_samples_leaf": 2, "max_depth": 14, "min_samples_split": 9, "validation_accuracy": 0.9736842105263158, "_timestamp": 1706148309.518857, "_runtime": 2.0301530361175537, "_step": 71, "_wandb": {"runtime": 0}, "value": 0.9736842105263158, "trial_number": 71}