{"plot": {"_type": "plotly-file", "sha256": "deaeeb209af3ce6e8bf372937ca7dd6469aacac2e0881c3665720bbe4c475a05", "size": 7791, "path": "media/plotly/plot_0_deaeeb209af3ce6e8bf3.plotly.json"}, "_timestamp": 1706152635.6075797, "_runtime": 2.0806546211242676, "_step": 3, "_wandb": {"runtime": 0}, "min_samples_leaf": 7, "max_depth": 12, "min_samples_split": 7, "value": 0.9210526315789473, "trial_number": 3}