{"validation_accuracy": 0.9210526315789473, "_timestamp": 1706079559.06642, "_runtime": 2.0228171348571777, "_step": 0, "_wandb": {"runtime": 0}}